Period,#,Cum. net profit,Net profit,Gross profit,Gross loss,Commission,Cum. max. drawdown,Max. drawdown,% Win,Avg. trade,Avg. winner,Avg. loser,Lrg. winner,Lrg. loser,MTR,Avg. MAE,Avg. MFE,Avg. ETD,% Trade,
7/2/2025,1,($18.15),($18.15),$0.00,($18.15),$1.90,($18.15),($18.15),0.00%,($18.15),$0.00,($18.15),$0.00,($18.15),5.00,$16.25,$3.75,$21.90,0.42%,
7/7/2025,3,($83.85),($65.70),$0.00,($65.70),$5.70,($83.85),($65.70),0.00%,($21.90),$0.00,($21.90),$0.00,($25.65),140.00,$20.00,$1.25,$23.15,1.27%,
7/10/2025,3,($90.80),($6.95),$10.60,($17.55),$5.70,($99.50),($15.65),33.33%,($2.32),$10.60,($8.78),$10.60,($15.65),65.00,$4.58,$4.17,$6.48,1.27%,
7/15/2025,1,($77.70),$13.10,$13.10,$0.00,$1.90,($77.70),$0.00,100.00%,$13.10,$13.10,$0.00,$13.10,$0.00,10.00,$7.50,$15.00,$1.90,0.42%,
7/22/2025,2,($46.50),$31.20,$31.20,$0.00,$3.80,($63.35),$0.00,100.00%,$15.60,$15.60,$0.00,$16.85,$0.00,0.00,$1.25,$17.50,$1.90,0.84%,
7/23/2025,6,($45.40),$1.10,$26.20,($25.10),$11.40,($45.40),($25.10),33.33%,$0.18,$13.10,($6.28),$13.10,($10.65),155.00,$9.17,$16.25,$16.07,2.53%,
7/31/2025,1,($54.80),($9.40),$0.00,($9.40),$1.90,($54.80),($9.40),0.00%,($9.40),$0.00,($9.40),$0.00,($9.40),0.00,$7.50,$0.00,$9.40,0.42%,
8/1/2025,1,($89.20),($34.40),$0.00,($34.40),$1.90,($89.20),($34.40),0.00%,($34.40),$0.00,($34.40),$0.00,($34.40),5.00,$32.50,$12.50,$46.90,0.42%,
8/4/2025,1,($57.35),$31.85,$31.85,$0.00,$1.90,($57.35),$0.00,100.00%,$31.85,$31.85,$0.00,$31.85,$0.00,5.00,$6.25,$33.75,$1.90,0.42%,
8/6/2025,1,($39.25),$18.10,$18.10,$0.00,$1.90,($39.25),$0.00,100.00%,$18.10,$18.10,$0.00,$18.10,$0.00,0.00,$0.00,$20.00,$1.90,0.42%,
8/7/2025,3,($89.95),($50.70),$0.00,($50.70),$5.70,($89.95),($50.70),0.00%,($16.90),$0.00,($16.90),$0.00,($21.90),85.00,$15.00,$3.75,$20.65,1.27%,
8/12/2025,3,($96.90),($6.95),$35.60,($42.55),$5.70,($96.90),($42.55),33.33%,($2.32),$35.60,($21.28),$35.60,($30.65),85.00,$12.92,$12.50,$14.82,1.27%,
8/14/2025,2,($118.20),($21.30),$0.00,($21.30),$3.80,($118.20),($21.30),0.00%,($10.65),$0.00,($10.65),$0.00,($10.65),0.00,$8.75,$0.00,$10.65,0.84%,
8/21/2025,6,($105.85),$12.35,$39.95,($27.60),$11.40,($142.00),($23.80),33.33%,$2.06,$19.98,($6.90),$26.85,($11.90),20.00,$3.33,$7.29,$5.23,2.53%,
8/22/2025,1,($140.25),($34.40),$0.00,($34.40),$1.90,($140.25),($34.40),0.00%,($34.40),$0.00,($34.40),$0.00,($34.40),20.00,$32.50,$11.25,$45.65,0.42%,
8/29/2025,2,($96.55),$43.70,$43.70,$0.00,$3.80,($117.15),$0.00,100.00%,$21.85,$21.85,$0.00,$23.10,$0.00,5.00,$1.25,$26.25,$4.40,0.84%,
9/2/2025,2,($142.85),($46.30),$0.00,($46.30),$3.80,($142.85),($46.30),0.00%,($23.15),$0.00,($23.15),$0.00,($23.15),0.00,$21.25,$0.00,$23.15,0.84%,
9/3/2025,1,($127.25),$15.60,$15.60,$0.00,$1.90,($127.25),$0.00,100.00%,$15.60,$15.60,$0.00,$15.60,$0.00,0.00,$0.00,$17.50,$1.90,0.42%,
9/5/2025,2,($189.80),($62.55),$0.00,($62.55),$3.80,($189.80),($62.55),0.00%,($31.28),$0.00,($31.28),$0.00,($31.90),90.00,$29.38,$16.25,$47.53,0.84%,
9/17/2025,4,($239.90),($50.10),$0.00,($50.10),$7.60,($239.90),($50.10),0.00%,($12.53),$0.00,($12.53),$0.00,($13.15),30.00,$10.63,$9.38,$21.90,1.69%,
9/19/2025,1,($248.05),($8.15),$0.00,($8.15),$1.90,($248.05),($8.15),0.00%,($8.15),$0.00,($8.15),$0.00,($8.15),0.00,$6.25,$0.00,$8.15,0.42%,
9/22/2025,1,($257.45),($9.40),$0.00,($9.40),$1.90,($257.45),($9.40),0.00%,($9.40),$0.00,($9.40),$0.00,($9.40),25.00,$7.50,$17.50,$26.90,0.42%,
9/25/2025,3,($286.90),($29.45),$6.85,($36.30),$5.70,($286.90),($36.30),33.33%,($9.82),$6.85,($18.15),$6.85,($21.90),240.00,$12.50,$6.25,$16.07,1.27%,
9/26/2025,6,($258.30),$28.60,$86.80,($58.20),$11.40,($322.60),($41.30),50.00%,$4.77,$28.93,($19.40),$44.35,($20.65),225.00,$9.58,$21.46,$16.69,2.53%,
10/1/2025,1,($250.20),$8.10,$8.10,$0.00,$1.90,($250.20),$0.00,100.00%,$8.10,$8.10,$0.00,$8.10,$0.00,0.00,$0.00,$10.00,$1.90,0.42%,
10/7/2025,1,($218.35),$31.85,$31.85,$0.00,$1.90,($218.35),$0.00,100.00%,$31.85,$31.85,$0.00,$31.85,$0.00,5.00,$3.75,$33.75,$1.90,0.42%,
10/9/2025,2,($250.90),($32.55),$0.00,($32.55),$3.80,($250.90),($32.55),0.00%,($16.28),$0.00,($16.28),$0.00,($19.40),165.00,$14.38,$0.00,$16.28,0.84%,
10/13/2025,3,($321.60),($70.70),$0.00,($70.70),$5.70,($321.60),($70.70),0.00%,($23.57),$0.00,($23.57),$0.00,($24.40),20.00,$21.67,$0.00,$23.57,1.27%,
10/14/2025,1,($313.50),$8.10,$8.10,$0.00,$1.90,($313.50),$0.00,100.00%,$8.10,$8.10,$0.00,$8.10,$0.00,5.00,$3.75,$17.50,$9.40,0.42%,
10/15/2025,1,($296.65),$16.85,$16.85,$0.00,$1.90,($296.65),$0.00,100.00%,$16.85,$16.85,$0.00,$16.85,$0.00,0.00,$0.00,$18.75,$1.90,0.42%,
10/17/2025,1,($322.30),($25.65),$0.00,($25.65),$1.90,($322.30),($25.65),0.00%,($25.65),$0.00,($25.65),$0.00,($25.65),0.00,$23.75,$0.00,$25.65,0.42%,
10/22/2025,2,($373.60),($51.30),$0.00,($51.30),$3.80,($373.60),($51.30),0.00%,($25.65),$0.00,($25.65),$0.00,($25.65),15.00,$27.50,$31.25,$56.90,0.84%,
10/23/2025,3,($303.05),$70.55,$83.70,($13.15),$5.70,($386.75),($13.15),66.67%,$23.52,$41.85,($13.15),$50.60,($13.15),0.00,$11.25,$32.08,$8.57,1.27%,
10/28/2025,1,($312.45),($9.40),$0.00,($9.40),$1.90,($312.45),($9.40),0.00%,($9.40),$0.00,($9.40),$0.00,($9.40),0.00,$7.50,$0.00,$9.40,0.42%,
11/4/2025,2,($348.75),($36.30),$0.00,($36.30),$3.80,($348.75),($36.30),0.00%,($18.15),$0.00,($18.15),$0.00,($25.65),175.00,$16.25,$0.00,$18.15,0.84%,
11/5/2025,1,($359.40),($10.65),$0.00,($10.65),$1.90,($359.40),($10.65),0.00%,($10.65),$0.00,($10.65),$0.00,($10.65),0.00,$8.75,$0.00,$10.65,0.42%,
11/6/2025,1,($390.05),($30.65),$0.00,($30.65),$1.90,($390.05),($30.65),0.00%,($30.65),$0.00,($30.65),$0.00,($30.65),0.00,$28.75,$0.00,$30.65,0.42%,
11/7/2025,3,($354.50),$35.55,$59.95,($24.40),$5.70,($385.10),($24.40),66.67%,$11.85,$29.98,($24.40),$30.60,($24.40),5.00,$7.50,$37.08,$25.23,1.27%,
11/10/2025,1,($371.40),($16.90),$0.00,($16.90),$1.90,($371.40),($16.90),0.00%,($16.90),$0.00,($16.90),$0.00,($16.90),0.00,$15.00,$0.00,$16.90,0.42%,
11/12/2025,1,($352.05),$19.35,$19.35,$0.00,$1.90,($352.05),$0.00,100.00%,$19.35,$19.35,$0.00,$19.35,$0.00,0.00,$0.00,$21.25,$1.90,0.42%,
11/13/2025,2,($333.35),$18.70,$20.60,($1.90),$3.80,($333.35),($1.90),50.00%,$9.35,$20.60,($1.90),$20.60,($1.90),0.00,$0.00,$11.25,$1.90,0.84%,
11/14/2025,3,($292.80),$40.55,$53.70,($13.15),$5.70,($313.40),($13.15),66.67%,$13.52,$26.85,($13.15),$33.10,($13.15),120.00,$3.75,$19.17,$5.65,1.27%,
11/17/2025,2,($239.10),$53.70,$53.70,$0.00,$3.80,($278.45),$0.00,100.00%,$26.85,$26.85,$0.00,$39.35,$0.00,0.00,$0.00,$28.75,$1.90,0.84%,
11/18/2025,2,($282.90),($43.80),$0.00,($43.80),$3.80,($282.90),($43.80),0.00%,($21.90),$0.00,($21.90),$0.00,($21.90),5.00,$20.00,$13.75,$35.65,0.84%,
11/20/2025,2,($367.95),($85.05),$0.00,($85.05),$3.80,($367.95),($85.05),0.00%,($42.53),$0.00,($42.53),$0.00,($63.15),150.00,$40.63,$0.00,$42.53,0.84%,
11/21/2025,2,($393.00),($25.05),$8.10,($33.15),$3.80,($393.00),($33.15),50.00%,($12.53),$8.10,($33.15),$8.10,($33.15),205.00,$27.50,$13.13,$25.65,0.84%,
11/24/2025,1,($358.65),$34.35,$34.35,$0.00,$1.90,($358.65),$0.00,100.00%,$34.35,$34.35,$0.00,$34.35,$0.00,5.00,$13.75,$36.25,$1.90,0.42%,
12/1/2025,3,($364.35),($5.70),$0.00,($5.70),$5.70,($364.35),($5.70),0.00%,($1.90),$0.00,($1.90),$0.00,($1.90),20.00,$6.25,$23.75,$25.65,1.27%,
12/3/2025,4,($403.20),($38.85),$27.45,($66.30),$7.60,($430.65),($66.30),50.00%,($9.71),$13.73,($33.15),$14.35,($33.15),165.00,$15.63,$7.81,$17.53,1.69%,
12/4/2025,1,($398.85),$4.35,$4.35,$0.00,$1.90,($398.85),$0.00,100.00%,$4.35,$4.35,$0.00,$4.35,$0.00,5.00,$3.75,$10.00,$5.65,0.42%,
12/10/2025,1,($447.00),($48.15),$0.00,($48.15),$1.90,($447.00),($48.15),0.00%,($48.15),$0.00,($48.15),$0.00,($48.15),5.00,$46.25,$8.75,$56.90,0.42%,
12/11/2025,1,($421.40),$25.60,$25.60,$0.00,$1.90,($421.40),$0.00,100.00%,$25.60,$25.60,$0.00,$25.60,$0.00,10.00,$6.25,$27.50,$1.90,0.42%,
12/16/2025,1,($387.05),$34.35,$34.35,$0.00,$1.90,($387.05),$0.00,100.00%,$34.35,$34.35,$0.00,$34.35,$0.00,10.00,$8.75,$36.25,$1.90,0.42%,
12/17/2025,2,($370.85),$16.20,$18.10,($1.90),$3.80,($388.95),($1.90),50.00%,$8.10,$18.10,($1.90),$18.10,($1.90),5.00,$12.50,$26.25,$18.15,0.84%,
12/18/2025,1,($389.00),($18.15),$0.00,($18.15),$1.90,($389.00),($18.15),0.00%,($18.15),$0.00,($18.15),$0.00,($18.15),10.00,$16.25,$8.75,$26.90,0.42%,
12/29/2025,2,($340.30),$48.70,$48.70,$0.00,$3.80,($372.15),$0.00,100.00%,$24.35,$24.35,$0.00,$31.85,$0.00,10.00,$5.00,$26.25,$1.90,0.84%,
1/2/2026,1,($380.95),($40.65),$0.00,($40.65),$1.90,($380.95),($40.65),0.00%,($40.65),$0.00,($40.65),$0.00,($40.65),0.00,$38.75,$0.00,$40.65,0.42%,
1/5/2026,1,($389.10),($8.15),$0.00,($8.15),$1.90,($389.10),($8.15),0.00%,($8.15),$0.00,($8.15),$0.00,($8.15),0.00,$6.25,$0.00,$8.15,0.42%,
1/6/2026,3,($424.80),($35.70),$0.00,($35.70),$5.70,($424.80),($35.70),0.00%,($11.90),$0.00,($11.90),$0.00,($16.90),85.00,$10.00,$4.17,$16.07,1.27%,
1/8/2026,1,($406.70),$18.10,$18.10,$0.00,$1.90,($406.70),$0.00,100.00%,$18.10,$18.10,$0.00,$18.10,$0.00,0.00,$0.00,$20.00,$1.90,0.42%,
1/9/2026,2,($396.75),$9.95,$25.60,($15.65),$3.80,($396.75),($15.65),50.00%,$4.98,$25.60,($15.65),$25.60,($15.65),0.00,$6.88,$13.75,$8.78,0.84%,
1/13/2026,1,($373.65),$23.10,$23.10,$0.00,$1.90,($373.65),$0.00,100.00%,$23.10,$23.10,$0.00,$23.10,$0.00,0.00,$0.00,$25.00,$1.90,0.42%,
1/20/2026,3,($389.35),($15.70),$19.35,($35.05),$5.70,($389.35),($35.05),33.33%,($5.23),$19.35,($17.53),$19.35,($19.40),300.00,$10.42,$15.00,$20.23,1.27%,
1/21/2026,4,($428.20),($38.85),$1.20,($40.05),$7.60,($429.40),($40.05),50.00%,($9.71),$0.60,($20.03),$0.60,($31.90),355.00,$27.19,$15.31,$25.03,1.69%,
1/22/2026,2,($385.75),$42.45,$42.45,$0.00,$3.80,($418.85),$0.00,100.00%,$21.23,$21.23,$0.00,$33.10,$0.00,0.00,$0.00,$23.13,$1.90,0.84%,
1/23/2026,2,($427.05),($41.30),$0.00,($41.30),$3.80,($427.05),($41.30),0.00%,($20.65),$0.00,($20.65),$0.00,($20.65),10.00,$18.75,$20.00,$40.65,0.84%,
1/29/2026,1,($436.45),($9.40),$0.00,($9.40),$1.90,($436.45),($9.40),0.00%,($9.40),$0.00,($9.40),$0.00,($9.40),0.00,$7.50,$0.00,$9.40,0.42%,
2/3/2026,4,($462.80),($26.35),$29.35,($55.70),$7.60,($490.25),($53.80),25.00%,($6.59),$29.35,($18.57),$29.35,($26.90),15.00,$12.50,$7.81,$14.40,1.69%,
2/4/2026,7,($259.85),$202.95,$208.65,($5.70),$13.30,($422.85),($3.80),57.14%,$28.99,$52.16,($1.90),$73.10,($1.90),300.00,$2.32,$34.29,$5.29,2.95%,
2/5/2026,1,($271.75),($11.90),$0.00,($11.90),$1.90,($271.75),($11.90),0.00%,($11.90),$0.00,($11.90),$0.00,($11.90),0.00,$10.00,$0.00,$11.90,0.42%,
2/11/2026,1,($299.90),($28.15),$0.00,($28.15),$1.90,($299.90),($28.15),0.00%,($28.15),$0.00,($28.15),$0.00,($28.15),0.00,$26.25,$0.00,$28.15,0.42%,
2/12/2026,2,($234.95),$64.95,$64.95,$0.00,$3.80,($274.30),$0.00,100.00%,$32.48,$32.48,$0.00,$39.35,$0.00,0.00,$9.38,$34.38,$1.90,0.84%,
2/17/2026,1,($255.60),($20.65),$0.00,($20.65),$1.90,($255.60),($20.65),0.00%,($20.65),$0.00,($20.65),$0.00,($20.65),0.00,$18.75,$0.00,$20.65,0.42%,
2/18/2026,3,($206.30),$49.30,$51.20,($1.90),$5.70,($233.15),($1.90),66.67%,$16.43,$25.60,($1.90),$26.85,($1.90),0.00,$0.00,$18.33,$1.90,1.27%,
2/19/2026,2,($123.85),$82.45,$82.45,$0.00,$3.80,($181.95),$0.00,100.00%,$41.23,$41.23,$0.00,$58.10,$0.00,5.00,$17.50,$43.13,$1.90,0.84%,
2/23/2026,4,($178.95),($55.10),$0.00,($55.10),$7.60,($178.95),($55.10),0.00%,($13.78),$0.00,($13.78),$0.00,($14.40),430.00,$11.88,$0.00,$13.78,1.69%,
2/24/2026,1,($184.60),($5.65),$0.00,($5.65),$1.90,($184.60),($5.65),0.00%,($5.65),$0.00,($5.65),$0.00,($5.65),5.00,$16.25,$7.50,$13.15,0.42%,
2/26/2026,1,($166.50),$18.10,$18.10,$0.00,$1.90,($166.50),$0.00,100.00%,$18.10,$18.10,$0.00,$18.10,$0.00,10.00,$11.25,$20.00,$1.90,0.42%,
3/2/2026,1,($195.90),($29.40),$0.00,($29.40),$1.90,($195.90),($29.40),0.00%,($29.40),$0.00,($29.40),$0.00,($29.40),5.00,$27.50,$7.50,$36.90,0.42%,
3/3/2026,3,($131.60),$64.30,$91.20,($26.90),$5.70,($193.45),($26.90),66.67%,$21.43,$45.60,($26.90),$61.85,($26.90),0.00,$8.33,$31.67,$10.23,1.27%,
3/5/2026,1,($154.75),($23.15),$0.00,($23.15),$1.90,($154.75),($23.15),0.00%,($23.15),$0.00,($23.15),$0.00,($23.15),0.00,$21.25,$0.00,$23.15,0.42%,
3/6/2026,1,($89.15),$65.60,$65.60,$0.00,$1.90,($89.15),$0.00,100.00%,$65.60,$65.60,$0.00,$65.60,$0.00,15.00,$6.25,$67.50,$1.90,0.42%,
3/10/2026,1,($136.05),($46.90),$0.00,($46.90),$1.90,($136.05),($46.90),0.00%,($46.90),$0.00,($46.90),$0.00,($46.90),0.00,$45.00,$0.00,$46.90,0.42%,
3/11/2026,3,($204.25),($68.20),$0.00,($68.20),$5.70,($204.25),($68.20),0.00%,($22.73),$0.00,($22.73),$0.00,($28.15),5.00,$20.83,$0.00,$22.73,1.27%,
3/13/2026,1,($143.65),$60.60,$60.60,$0.00,$1.90,($143.65),$0.00,100.00%,$60.60,$60.60,$0.00,$60.60,$0.00,5.00,$11.25,$62.50,$1.90,0.42%,
3/18/2026,2,($116.20),$27.45,$38.10,($10.65),$3.80,($116.20),($10.65),50.00%,$13.73,$38.10,($10.65),$38.10,($10.65),375.00,$15.63,$20.00,$6.28,0.84%,
3/19/2026,1,($139.35),($23.15),$0.00,($23.15),$1.90,($139.35),($23.15),0.00%,($23.15),$0.00,($23.15),$0.00,($23.15),0.00,$21.25,$0.00,$23.15,0.42%,
3/20/2026,3,($213.80),($74.45),$0.00,($74.45),$5.70,($213.80),($74.45),0.00%,($24.82),$0.00,($24.82),$0.00,($34.40),305.00,$22.92,$12.92,$37.73,1.27%,
3/23/2026,1,($178.20),$35.60,$35.60,$0.00,$1.90,($178.20),$0.00,100.00%,$35.60,$35.60,$0.00,$35.60,$0.00,0.00,$0.00,$37.50,$1.90,0.42%,
3/31/2026,1,($155.10),$23.10,$23.10,$0.00,$1.90,($155.10),$0.00,100.00%,$23.10,$23.10,$0.00,$23.10,$0.00,0.00,$0.00,$25.00,$1.90,0.42%,
4/1/2026,1,($170.75),($15.65),$0.00,($15.65),$1.90,($170.75),($15.65),0.00%,($15.65),$0.00,($15.65),$0.00,($15.65),0.00,$13.75,$0.00,$15.65,0.42%,
4/7/2026,2,($147.05),$23.70,$25.60,($1.90),$3.80,($147.05),($1.90),50.00%,$11.85,$25.60,($1.90),$25.60,($1.90),0.00,$0.00,$13.75,$1.90,0.84%,
4/8/2026,2,($200.85),($53.80),$0.00,($53.80),$3.80,($200.85),($53.80),0.00%,($26.90),$0.00,($26.90),$0.00,($26.90),5.00,$25.00,$7.50,$34.40,0.84%,
4/13/2026,2,($200.90),($0.05),$25.60,($25.65),$3.80,($226.50),($25.65),50.00%,($0.02),$25.60,($25.65),$25.60,($25.65),195.00,$15.63,$21.25,$21.28,0.84%,
4/15/2026,1,($210.30),($9.40),$0.00,($9.40),$1.90,($210.30),($9.40),0.00%,($9.40),$0.00,($9.40),$0.00,($9.40),15.00,$7.50,$23.75,$33.15,0.42%,
4/16/2026,1,($225.95),($15.65),$0.00,($15.65),$1.90,($225.95),($15.65),0.00%,($15.65),$0.00,($15.65),$0.00,($15.65),5.00,$13.75,$2.50,$18.15,0.42%,
4/17/2026,1,($197.85),$28.10,$28.10,$0.00,$1.90,($197.85),$0.00,100.00%,$28.10,$28.10,$0.00,$28.10,$0.00,0.00,$0.00,$30.00,$1.90,0.42%,
4/20/2026,3,($188.55),$9.30,$25.60,($16.30),$5.70,($212.25),($14.40),33.33%,$3.10,$25.60,($8.15),$25.60,($14.40),5.00,$9.17,$19.58,$16.48,1.27%,
4/21/2026,3,($181.75),$6.80,$18.10,($11.30),$5.70,($197.95),($9.40),33.33%,$2.27,$18.10,($5.65),$18.10,($9.40),5.00,$2.50,$9.58,$7.32,1.27%,
4/23/2026,1,($199.90),($18.15),$0.00,($18.15),$1.90,($199.90),($18.15),0.00%,($18.15),$0.00,($18.15),$0.00,($18.15),0.00,$16.25,$0.00,$18.15,0.42%,
4/24/2026,2,($151.20),$48.70,$48.70,$0.00,$3.80,($176.80),$0.00,100.00%,$24.35,$24.35,$0.00,$25.60,$0.00,5.00,$2.50,$31.88,$7.53,0.84%,
5/1/2026,5,($138.20),$13.00,$51.20,($38.20),$9.50,($185.60),($34.40),40.00%,$2.60,$25.60,($12.73),$26.85,($34.40),35.00,$6.50,$11.00,$8.40,2.11%,
5/4/2026,1,($156.35),($18.15),$0.00,($18.15),$1.90,($156.35),($18.15),0.00%,($18.15),$0.00,($18.15),$0.00,($18.15),0.00,$16.25,$0.00,$18.15,0.42%,
5/6/2026,1,($120.75),$35.60,$35.60,$0.00,$1.90,($120.75),$0.00,100.00%,$35.60,$35.60,$0.00,$35.60,$0.00,15.00,$8.75,$37.50,$1.90,0.42%,
5/12/2026,4,($165.85),($45.10),$15.60,($60.70),$7.60,($165.85),($60.70),25.00%,($11.28),$15.60,($20.23),$15.60,($24.40),80.00,$15.94,$4.38,$15.65,1.69%,
5/18/2026,2,($232.15),($66.30),$0.00,($66.30),$3.80,($232.15),($66.30),0.00%,($33.15),$0.00,($33.15),$0.00,($33.15),0.00,$31.25,$0.00,$33.15,0.84%,
5/19/2026,1,($237.80),($5.65),$0.00,($5.65),$1.90,($237.80),($5.65),0.00%,($5.65),$0.00,($5.65),$0.00,($5.65),0.00,$3.75,$0.00,$5.65,0.42%,
5/28/2026,1,($252.20),($14.40),$0.00,($14.40),$1.90,($252.20),($14.40),0.00%,($14.40),$0.00,($14.40),$0.00,($14.40),5.00,$12.50,$8.75,$23.15,0.42%,
5/29/2026,2,($256.00),($3.80),$0.00,($3.80),$3.80,($256.00),($3.80),0.00%,($1.90),$0.00,($1.90),$0.00,($1.90),15.00,$26.25,$17.50,$19.40,0.84%,
6/1/2026,2,($304.80),($48.80),$0.00,($48.80),$3.80,($304.80),($48.80),0.00%,($24.40),$0.00,($24.40),$0.00,($24.40),0.00,$22.50,$0.00,$24.40,0.84%,
6/3/2026,2,($306.10),($1.30),$0.00,($1.30),$3.80,($306.10),($1.30),0.00%,($0.65),$0.00,($0.65),$0.00,($0.65),10.00,$10.00,$28.75,$29.40,0.84%,
6/5/2026,1,($321.75),($15.65),$0.00,($15.65),$1.90,($321.75),($15.65),0.00%,($15.65),$0.00,($15.65),$0.00,($15.65),0.00,$13.75,$0.00,$15.65,0.42%,
6/8/2026,4,($300.60),$21.15,$35.60,($14.45),$7.60,($332.40),($10.65),25.00%,$5.29,$35.60,($4.82),$35.60,($10.65),25.00,$9.06,$23.75,$18.46,1.69%,
6/9/2026,1,($337.50),($36.90),$0.00,($36.90),$1.90,($337.50),($36.90),0.00%,($36.90),$0.00,($36.90),$0.00,($36.90),0.00,$35.00,$0.00,$36.90,0.42%,
6/10/2026,2,($347.55),($10.05),$30.60,($40.65),$3.80,($378.15),($40.65),50.00%,($5.03),$30.60,($40.65),$30.60,($40.65),300.00,$19.38,$16.25,$21.28,0.84%,
6/11/2026,2,($433.85),($86.30),$0.00,($86.30),$3.80,($433.85),($86.30),0.00%,($43.15),$0.00,($43.15),$0.00,($43.15),5.00,$41.25,$45.00,$88.15,0.84%,
6/23/2026,3,($414.55),$19.30,$42.45,($23.15),$5.70,($417.00),($23.15),66.67%,$6.43,$21.23,($23.15),$25.60,($23.15),0.00,$7.08,$15.42,$8.98,1.27%,
6/24/2026,2,($359.60),$54.95,$54.95,$0.00,$3.80,($397.70),$0.00,100.00%,$27.48,$27.48,$0.00,$38.10,$0.00,5.00,$6.88,$29.38,$1.90,0.84%,
6/25/2026,2,($515.90),($156.30),$0.00,($156.30),$3.80,($515.90),($156.30),0.00%,($78.15),$0.00,($78.15),$0.00,($78.15),0.00,$76.25,$0.00,$78.15,0.84%,
7/2/2026,1,($537.80),($21.90),$0.00,($21.90),$1.90,($537.80),($21.90),0.00%,($21.90),$0.00,($21.90),$0.00,($21.90),0.00,$20.00,$0.00,$21.90,0.42%,
